{
  "experiment_name": "TCN_v2_realistic",
  "architecture": "tcn",
  "kernel_size": 5,
  "use_residual_blocks": true,
  "predict_noise": true,
  "tv_weight": 0.0,
  "test_loss": 0.0011079825379716672,
  "test_mse": 0.0011079825379716672,
  "test_psnr": 29.675259903118594,
  "test_gfc": 0.983541565715887
}